"","country","happiness_index","sd_ladder","positive_affect","negative_effect","social_support","freedom","corruption","generosity","log_gdp","life_expectancy","region","population","area_sq_ft","population_density","coastline","net_migration","infant_mortality","gdp_capita","literacy","phones","arable_land","crops_land","other_land","climate","birthrate","deathrate","agriculture","industry","service"
"1","Afghanistan",154,25,152,133,151,155,136,137,134,139,"ASIA (EX. NEAR EAST)         ",31056997,647500,"48,0","0,00","23,06","163,07",700,"36,0","3,2","12,13","0,22","87,65","1","46,6","20,34","0,38","0,24","0,38"
"2","Albania",107,126,90,108,133,87,134,60,81,40,"EASTERN EUROPE                     ",3581655,28748,"124,6","1,26","-4,93","21,52",4500,"86,5","71,2","21,09","4,42","74,49","3","15,11","5,22","0,232","0,188","0,579"
"3","Algeria",88,56,113,106,101,149,46,128,72,78,"NORTHERN AFRICA                    ",32930091,2381740,"13,8","0,04","-0,39","31",6000,"70,0","78,1","3,22","0,25","96,53","1","17,14","4,61","0,101","0,6","0,298"
"4","Argentina",47,97,28,93,46,54,109,123,55,37,"LATIN AMER. & CARIB    ",39921833,2766890,"14,4","0,18","0,61","15,18",11200,"97,1","220,4","12,31","0,48","87,21","3","16,73","7,55","0,095","0,358","0,547"
"5","Armenia",116,82,126,145,117,123,93,129,91,64,"C.W. OF IND. STATES ",2976372,29800,"99,9","0,00","-6,47","23,28",3500,"98,6","195,7","17,55","2,3","80,15","4","12,07","8,23","0,239","0,343","0,418"
"6","Australia",11,26,47,37,7,17,13,6,18,10,"OCEANIA                            ",20264082,7686850,"2,6","0,34","3,98","4,69",29000,"100,0","565,5","6,55","0,04","93,41","1","12,14","7,51","0,038","0,262","0,7"
"7","Austria",10,10,64,24,31,26,19,25,16,15,"WESTERN EUROPE                     ",8192880,83870,"97,7","0,00","2","4,66",30000,"98,0","452,2","16,91","0,86","82,23","3","8,74","9,76","0,018","0,304","0,678"
"8","Azerbaijan",90,24,134,20,104,101,22,146,65,82,"C.W. OF IND. STATES ",7961619,86600,"91,9","0,00","-4,9","81,74",3400,"97,0","137,1","19,63","2,71","77,66","1","20,74","9,75","0,141","0,457","0,402"
"9","Bahrain",37,83,39,83,59,24,0,23,20,42,"NEAR EAST                          ",698585,665,"1050,5","24,21","1,05","17,27",16900,"89,1","281,3","2,82","5,63","91,55","1","17,8","4,14","0,005","0,387","0,608"
"10","Bangladesh",125,52,145,68,126,27,36,107,119,90,"ASIA (EX. NEAR EAST)         ",147365352,144000,"1023,4","0,40","-0,71","62,6",1900,"43,1","7,3","62,11","3,07","34,82","2","29,8","8,27","0,199","0,198","0,603"
"11","Belarus",81,22,149,36,33,131,37,103,58,76,"C.W. OF IND. STATES ",10293011,207600,"49,6","0,00","2,54","13,37",6100,"99,6","319,1","29,55","0,6","69,85","4","11,16","14,02","0,093","0,316","0,591"
"12","Belgium",18,7,57,53,22,53,20,44,21,26,"WESTERN EUROPE                     ",10379067,30528,"340,0","0,22","1,23","4,68",29100,"98,0","462,6","23,28","0,4","76,32","3","10,38","10,27","0,01","0,24","0,749"
"13","Benin",102,149,118,148,153,103,75,116,128,133,"SUB-SAHARAN AFRICA                 ",7862944,112620,"69,8","0,11","0","85",1100,"40,9","9,7","18,08","2,4","79,52","2","38,85","12,22","0,316","0,138","0,546"
"14","Bhutan",95,6,37,98,68,59,25,13,95,104,"ASIA (EX. NEAR EAST)         ",2279723,47000,"48,5","0,00","0","100,44",1300,"42,2","14,3","3,09","0,43","96,48","2","33,65","12,7","0,258","0,379","0,363"
"15","Bolivia",61,71,70,138,93,35,91,104,101,94,"LATIN AMER. & CARIB    ",8989046,1098580,"8,2","0,00","-1,32","53,11",2400,"87,2","71,9","2,67","0,19","97,14","2","23,3","7,53","0,128","0,352","0,52"
"16","Botswana",148,125,87,65,105,60,54,150,66,113,"SUB-SAHARAN AFRICA                 ",1639833,600370,"2,7","0,00","0","54,58",9000,"79,8","80,5","0,65","0,01","99,34","1","23,08","29,5","0,024","0,469","0,507"
"17","Brazil",32,116,69,105,43,84,71,108,70,72,"LATIN AMER. & CARIB    ",188078227,8511965,"22,1","0,09","-0,03","29,61",7600,"86,4","225,3","6,96","0,9","92,15","2","16,56","6,17","0,084","0,4","0,516"
"18","Bulgaria",97,47,117,13,18,115,147,112,56,65,"EASTERN EUROPE                     ",7385367,110910,"66,6","0,32","-4,58","20,55",7600,"98,6","336,3","40,02","1,92","58,06","3","9,65","14,27","0,093","0,304","0,603"
"19","Burkina Faso",115,92,115,117,116,127,47,125,137,136,"SUB-SAHARAN AFRICA                 ",13902972,274200,"50,7","0,00","0","97,57",1100,"26,6","7,0","14,43","0,19","85,38","2","45,62","15,6","0,322","0,196","0,482"
"20","Burundi",145,138,98,126,152,135,23,149,151,135,"SUB-SAHARAN AFRICA                 ",8090068,27830,"290,7","0,00","-0,06","69,29",600,"51,6","3,4","35,05","14,02","50,93","2","42,22","13,46","0,463","0,203","0,334"
"21","Cambodia",109,135,27,142,109,2,94,61,116,102,"ASIA (EX. NEAR EAST)         ",13881427,181040,"76,7","0,24","0","71,48",1900,"69,4","2,6","20,96","0,61","78,43","2","26,9","9,06","0,35","0,3","0,35"
"22","Cameroon",96,131,106,129,129,90,120,91,121,141,"SUB-SAHARAN AFRICA                 ",17340702,475440,"36,5","0,08","0","68,26",1800,"79,0","5,7","12,81","2,58","84,61","2","33,89","13,47","0,448","0,17","0,382"
"23","Canada",9,23,18,49,20,9,11,14,19,8,"NORTHERN AMERICA                   ",33098932,9984670,"3,3","2,02","5,96","4,75",29800,"97,0","552,2","4,96","0,02","95,02","1","10,78","7,8","0,022","0,294","0,684"
"24","Chad",132,139,136,151,141,142,80,106,133,148,"SUB-SAHARAN AFRICA                 ",9944201,1284000,"7,7","0,00","-0,11","93,82",1200,"47,5","1,3","2,86","0,02","97,12","2","45,73","16,38","0,335","0,259","0,406"
"25","Chile",26,61,15,78,58,98,99,45,49,30,"LATIN AMER. & CARIB    ",16134219,756950,"21,3","0,85","0","8,8",9900,"96,2","213,0","2,65","0,42","96,93","3","15,23","5,81","0,06","0,493","0,447"
"26","China",93,72,21,11,108,31,0,133,68,34,"ASIA (EX. NEAR EAST)         ",1313973713,9596960,"136,9","0,15","-0,4","24,18",5000,"90,9","266,7","15,4","1,25","83,35","2","13,25","6,97","0,125","0,473","0,403"
"27","Colombia",43,120,30,88,52,56,124,111,74,51,"LATIN AMER. & CARIB    ",43593035,1138910,"38,3","0,28","-0,31","20,97",6300,"92,5","176,2","2,42","1,67","95,91","2","20,48","5,58","0,125","0,342","0,533"
"28","Comoros",142,143,67,114,143,148,81,62,143,117,"SUB-SAHARAN AFRICA                 ",690948,2170,"318,4","15,67","0","74,93",700,"56,5","24,5","35,87","23,32","40,81","2","36,93","8,2","0,4","0,04","0,56"
"29","Costa Rica",12,62,4,87,42,16,58,75,67,28,"LATIN AMER. & CARIB    ",4075261,51100,"79,8","2,52","0,51","9,95",9100,"96,0","340,7","4,41","5,88","89,71","2","18,32","4,36","0,088","0,299","0,614"
"30","Croatia",75,29,122,101,79,118,139,81,50,32,"EASTERN EUROPE                     ",4494749,56542,"79,5","10,32","1,58","6,84",10600,"98,5","420,4","26,09","2,27","71,65","1","9,61","11,48","0,07","0,308","0,622"
"31","Cyprus",49,95,60,99,90,81,115,39,33,6,"NEAR EAST                          ",784301,9250,"84,8","7,01","0,43","7,18",19200,"97,6","","7,79","4,44","87,77","3","12,56","7,68","0,037","0,198","0,765"
"32","Czech Republic",20,20,74,22,24,58,121,117,32,31,"EASTERN EUROPE                     ",10235455,78866,"129,8","0,00","0,97","3,93",15700,"99,9","314,3","39,8","3,05","57,15","3","9,02","10,59","0,034","0,393","0,573"
"33","Denmark",2,13,24,26,4,6,3,22,14,23,"WESTERN EUROPE                     ",5450661,43094,"126,5","16,97","2,48","4,56",31100,"100,0","614,6","54,02","0,19","45,79","3","11,13","10,36","0,018","0,246","0,735"
"34","Dominican Republic",77,155,66,77,55,43,52,93,69,80,"LATIN AMER. & CARIB    ",9183984,48730,"188,5","2,64","-3,22","32,38",6000,"84,7","97,4","22,65","10,33","67,02","2","23,22","5,73","0,112","0,306","0,582"
"35","Ecuador",50,113,11,113,71,42,68,95,86,45,"LATIN AMER. & CARIB    ",13547510,283560,"47,8","0,79","-8,58","23,66",3300,"92,5","125,6","5,85","4,93","89,22","2","22,29","4,23","0,07","0,312","0,618"
"36","Egypt",137,66,146,124,118,129,89,132,85,101,"NORTHERN AFRICA                    ",78887007,1001450,"78,8","0,24","-0,22","32,59",4000,"57,7","131,8","2,87","0,48","96,65","1","22,94","5,23","0,149","0,357","0,493"
"37","El Salvador",35,112,23,84,83,74,85,134,100,75,"LATIN AMER. & CARIB    ",6822378,21040,"324,3","1,46","-3,74","25,1",4800,"80,2","142,4","31,85","12,07","56,08","2","26,61","5,78","0,099","0,302","0,599"
"38","Estonia",55,32,50,6,12,45,30,83,37,41,"BALTICS                            ",1324333,45226,"29,3","8,39","-3,16","7,87",12300,"99,8","333,8","16,04","0,45","83,51","3","10,04","13,25","0,04","0,294","0,666"
"39","Ethiopia",134,38,100,74,119,106,53,99,135,115,"SUB-SAHARAN AFRICA                 ",74777981,1127127,"66,3","0,00","0","95,32",700,"42,7","8,2","10,71","0,75","88,54","2","37,98","14,86","0,475","0,099","0,426"
"40","Finland",1,4,41,10,2,5,4,47,22,27,"WESTERN EUROPE                     ",5231372,338145,"15,5","0,37","0,95","3,57",27400,"100,0","405,3","7,19","0,03","92,78","3","10,45","9,86","0,028","0,295","0,676"
"41","France",24,19,56,66,32,69,21,68,25,5,"WESTERN EUROPE                     ",60876136,547030,"111,3","0,63","0,66","4,26",27600,"99,0","586,4","33,53","2,07","64,4","4","11,99","9,14","0,022","0,214","0,764"
"42","Gabon",104,105,111,144,95,119,103,143,59,108,"SUB-SAHARAN AFRICA                 ",1424906,267667,"5,3","0,33","0","53,64",5500,"63,2","27,4","1,26","0,66","98,08","2","36,16","12,25","0,061","0,592","0,348"
"43","Gambia",120,142,29,109,125,89,26,64,139,130,"SUB-SAHARAN AFRICA                 ",1641564,11300,"145,3","0,71","1,57","72,02",1700,"40,1","26,8","25","0,5","74,5","2","39,37","12,25","0,308","0,142","0,549"
"44","Georgia",119,51,141,43,147,104,28,153,87,84,"C.W. OF IND. STATES ",4661473,69700,"66,9","0,44","-4,7","18,59",2500,"99,0","146,6","11,44","3,86","84,7","3","10,41","9,23","0,172","0,275","0,553"
"45","Germany",17,17,65,30,39,44,17,19,17,25,"WESTERN EUROPE                     ",82422299,357021,"230,9","0,67","2,18","4,16",27600,"99,0","667,9","33,85","0,59","65,56","3","8,25","10,62","0,009","0,296","0,695"
"46","Ghana",98,129,92,72,132,91,117,52,114,121,"SUB-SAHARAN AFRICA                 ",22409572,239460,"93,6","0,23","-0,64","51,43",2200,"74,8","14,4","16,26","9,67","74,07","2","30,52","9,72","0,366","0,246","0,387"
"47","Greece",82,87,102,94,102,150,123,152,46,21,"WESTERN EUROPE                     ",10688058,131940,"81,0","10,37","2,35","5,53",20000,"97,5","589,7","21,1","8,78","70,12","3","9,68","10,24","0,054","0,213","0,733"
"48","Guatemala",27,136,8,85,78,25,82,78,99,85,"LATIN AMER. & CARIB    ",12293545,108890,"112,9","0,37","-1,67","35,93",4100,"70,6","92,1","12,54","5,03","82,43","2","29,88","5,2","0,227","0,188","0,585"
"49","Guinea",118,146,82,143,136,109,70,94,130,137,"SUB-SAHARAN AFRICA                 ",9690222,245857,"39,4","0,13","-3,06","90,37",2100,"35,9","2,7","3,63","2,58","93,79","2","41,76","15,48","0,237","0,362","0,401"
"50","Haiti",147,111,142,119,146,152,48,20,138,125,"LATIN AMER. & CARIB    ",8308504,27750,"299,4","6,38","-3,4","73,45",1600,"52,9","16,9","28,3","11,61","60,09","2","36,44","12,17","0,28","0,2","0,52"
"51","Honduras",59,151,13,73,84,39,79,51,113,57,"LATIN AMER. & CARIB    ",7326496,112090,"65,4","0,73","-1,99","29,32",2600,"76,2","67,5","9,55","3,22","87,23","2","28,24","5,28","0,139","0,312","0,549"
"52","Hong Kong",76,33,105,28,76,66,14,18,9,0,"ASIA (EX. NEAR EAST)         ",6940432,1092,"6355,7","67,12","5,24","2,97",28800,"93,5","546,7","5,05","1,01","93,94","2","7,29","6,29","0,001","0,092","0,906"
"53","Hungary",62,36,86,31,51,138,140,100,42,56,"EASTERN EUROPE                     ",9981334,93030,"107,3","0,00","0,86","8,57",13900,"99,4","336,2","50,09","2,06","47,85","3","9,72","13,11","0,037","0,312","0,651"
"54","Iceland",4,9,3,3,1,7,45,3,15,13,"WESTERN EUROPE                     ",299388,103000,"2,9","4,83","2,38","3,31",30900,"99,9","647,7","0,07","0","99,93","3","13,64","6,72","0,086","0,15","0,765"
"55","India",140,41,93,115,142,41,73,65,103,105,"ASIA (EX. NEAR EAST)         ",1095351995,3287590,"333,2","0,21","-0,07","56,29",2900,"59,5","45,4","54,4","2,74","42,86","3","22,01","8,18","0,186","0,276","0,538"
"56","Indonesia",92,108,9,104,94,48,129,2,83,98,"ASIA (EX. NEAR EAST)         ",245452739,1919440,"127,9","2,85","0","35,6",3200,"87,9","52,0","11,32","7,23","81,45","2","20,34","6,25","0,134","0,458","0,408"
"57","Iran",117,109,109,150,134,117,44,28,54,77,"ASIA (EX. NEAR EAST)         ",68688433,1648000,"41,7","0,15","-0,84","41,58",7000,"79,4","276,4","8,72","1,39","89,89","1","17","5,55","0,116","0,424","0,46"
"58","Iraq",126,147,151,154,124,130,66,73,64,107,"NEAR EAST                          ",26783383,437072,"61,3","0,01","0","50,25",1500,"40,4","38,6","13,15","0,78","86,07","1","31,98","5,37","0,073","0,666","0,261"
"59","Ireland",16,34,33,32,6,33,10,9,6,20,"WESTERN EUROPE                     ",4062235,70280,"57,8","2,06","4,99","5,39",29600,"98,0","500,5","15,2","0,03","84,77","3","14,45","7,82","0,05","0,46","0,49"
"60","Israel",13,14,104,69,38,93,74,24,31,11,"NEAR EAST                          ",6352117,20770,"305,8","1,31","0,68","7,03",19800,"95,4","462,3","16,39","4,17","79,44","3","17,97","6,18","0,026","0,317","0,657"
"61","Italy",36,31,99,123,23,132,128,48,29,7,"WESTERN EUROPE                     ",58133509,301230,"193,0","2,52","2,07","5,94",26700,"98,6","430,9","27,79","9,53","62,68","1","8,72","10,4","0,021","0,291","0,688"
"62","Jamaica",56,102,51,51,28,49,130,119,93,55,"LATIN AMER. & CARIB    ",2758124,10991,"250,9","9,30","-4,92","12,36",3900,"87,9","124,0","16,07","10,16","73,77","2","20,82","6,52","0,049","0,337","0,615"
"63","Japan",58,43,73,14,50,64,39,92,24,2,"ASIA (EX. NEAR EAST)         ",127463611,377835,"337,4","7,87","0","3,26",28200,"99,0","461,2","12,19","0,96","86,85","3","9,37","9,16","0,017","0,258","0,725"
"64","Jordan",101,127,112,120,88,88,0,118,92,63,"NEAR EAST                          ",5906760,92300,"64,0","0,03","6,59","17,35",4300,"91,3","104,5","2,67","1,83","95,5","1","21,25","2,65","0,033","0,287","0,68"
"65","Kazakhstan",60,40,81,5,19,80,57,57,47,88,"C.W. OF IND. STATES ",15233244,2717300,"5,6","0,00","-3,35","29,21",6300,"98,4","164,1","7,98","0,05","91,97","4","16","9,42","0,067","0,386","0,547"
"66","Kenya",121,118,59,46,123,72,105,26,122,106,"SUB-SAHARAN AFRICA                 ",34707817,582650,"59,6","0,09","-0,1","61,47",1000,"85,1","8,1","8,08","0,98","90,94","2","39,72","14,02","0,163","0,188","0,651"
"67","Kuwait",51,98,89,97,69,47,0,42,5,70,"NEAR EAST                          ",2418393,17820,"135,7","2,80","14,18","9,95",19000,"83,5","211,0","0,73","0,11","99,16","1","21,94","2,41","0,004","0,479","0,516"
"68","Kyrgyzstan",86,46,58,4,45,38,138,36,120,91,"C.W. OF IND. STATES ",5213898,198500,"26,3","0,00","-2,45","35,64",1600,"97,0","84,0","7,3","0,35","92,35","3","22,8","7,08","0,353","0,208","0,439"
"69","Laos",105,59,5,112,120,22,27,34,102,112,"ASIA (EX. NEAR EAST)         ",6368481,236800,"26,9","0,00","0","85,22",1700,"66,4","14,1","3,8","0,35","95,85","2","35,49","11,55","0,455","0,287","0,258"
"70","Latvia",53,30,119,38,34,126,92,105,43,68,"BALTICS                            ",2274735,64589,"35,2","0,82","-2,23","9,55",10200,"99,8","321,4","29,67","0,47","69,86","3","9,24","13,66","0,04","0,261","0,699"
"71","Lebanon",91,60,150,61,89,136,133,63,73,66,"NEAR EAST                          ",3874050,10400,"372,5","2,16","0","24,52",4800,"87,4","255,6","16,62","13,98","69,4","1","18,52","6,21","0,12","0,21","0,67"
"72","Lesotho",144,150,72,64,98,97,59,151,124,149,"SUB-SAHARAN AFRICA                 ",2022331,30355,"66,6","0,00","-0,74","84,23",3000,"84,8","23,7","10,87","0,13","89","3","24,75","28,71","0,163","0,443","0,394"
"73","Liberia",141,156,103,146,127,94,126,110,150,126,"SUB-SAHARAN AFRICA                 ",3042004,111370,"27,3","0,52","0","128,87",1000,"57,5","2,3","3,95","2,28","93,77","2","44,77","23,1","0,769","0,054","0,177"
"74","Libya",72,115,85,137,73,79,31,87,63,96,"NORTHERN AFRICA                    ",5900754,1759540,"3,4","0,10","0","24,6",6400,"82,6","127,1","1,03","0,19","98,78","1","26,49","3,48","0,076","0,499","0,425"
"75","Lithuania",42,55,138,41,17,122,113,124,36,62,"BALTICS                            ",3585906,65200,"55,0","0,14","-0,71","6,89",11400,"99,6","223,4","45,22","0,91","53,87","1","8,75","10,98","0,055","0,325","0,62"
"76","Luxembourg",14,3,62,19,27,28,9,30,2,16,"WESTERN EUROPE                     ",474413,2586,"183,5","0,00","8,97","4,81",55100,"100,0","515,4","23,28","0,4","76,32","1","11,94","8,41","0,01","0,13","0,86"
"77","Macedonia",84,67,140,89,74,105,125,55,75,52,"EASTERN EUROPE                     ",2050554,25333,"80,9","0,00","-1,45","10,09",6700,"","260,0","22,26","1,81","75,93","3","12,02","8,77","0,118","0,319","0,563"
"78","Madagascar",143,77,46,96,128,146,116,136,144,111,"SUB-SAHARAN AFRICA                 ",18595469,587040,"31,7","0,82","0","76,83",800,"68,9","3,6","5,07","1,03","93,91","2","41,41","11,11","0,276","0,165","0,559"
"79","Malawi",150,132,129,110,150,65,64,109,147,119,"SUB-SAHARAN AFRICA                 ",13013926,118480,"109,8","0,00","0","103,32",600,"62,7","7,9","23,38","1,49","75,13","2","43,13","19,33","0,342","0,158","0,499"
"80","Malaysia",80,12,25,23,97,36,137,27,40,59,"ASIA (EX. NEAR EAST)         ",24385858,329750,"74,0","1,42","0","17,7",9000,"88,7","179,0","5,48","17,61","76,91","2","22,86","5,05","0,084","0,48","0,436"
"81","Mali",128,96,48,122,112,110,107,138,129,142,"SUB-SAHARAN AFRICA                 ",11716829,1240000,"9,5","0,00","-0,33","116,79",900,"46,4","6,4","3,82","0,03","96,15","2","49,82","16,89","0,45","0,17","0,38"
"82","Malta",22,42,83,103,16,12,32,5,28,19,"WESTERN EUROPE                     ",400214,316,"1266,5","62,28","2,07","3,89",17700,"92,8","505,0","28,13","3,13","68,74","1","10,22","8,1","0,03","0,23","0,74"
"83","Mauritania",122,68,94,58,99,151,67,148,117,120,"SUB-SAHARAN AFRICA                 ",3177388,1030700,"3,1","0,07","0","70,89",1800,"41,7","12,9","0,48","0,01","99,51","1","40,99","12,16","0,25","0,29","0,46"
"84","Mauritius",57,94,55,16,54,40,96,37,53,73,"SUB-SAHARAN AFRICA                 ",1240827,2040,"608,3","8,68","-0,9","15,03",11400,"85,6","289,3","49,26","2,96","47,78","2","15,43","6,86","0,059","0,298","0,643"
"85","Mexico",23,76,6,40,67,71,87,120,57,46,"LATIN AMER. & CARIB    ",107449525,1972550,"54,5","0,47","-4,87","20,91",9000,"92,2","181,6","12,99","1,31","85,7","2","20,69","4,74","0,038","0,259","0,702"
"86","Moldova",71,45,133,67,65,128,148,86,109,86,"C.W. OF IND. STATES ",4466706,33843,"132,0","0,00","-0,26","40,42",1800,"99,1","208,1","55,3","10,79","33,91","1","15,7","12,64","0,213","0,233","0,555"
"87","Mongolia",83,48,95,17,10,112,119,38,80,97,"ASIA (EX. NEAR EAST)         ",2832224,1564116,"1,8","0,00","0","53,79",1800,"97,8","55,1","0,77","0","99,23","1","21,59","6,95","0,206","0,214","0,58"
"88","Morocco",89,101,110,91,139,76,84,154,98,79,"NORTHERN AFRICA                    ",33241259,446550,"74,4","0,41","-0,98","41,62",4000,"51,7","40,4","19,61","2,17","78,22","1","21,98","5,58","0,217","0,357","0,426"
"89","Mozambique",123,154,108,131,122,46,40,121,146,134,"SUB-SAHARAN AFRICA                 ",19686505,801590,"24,6","0,31","0","130,79",1200,"47,8","3,5","5,1","0,3","94,6","2","35,18","21,35","0,262","0,348","0,39"
"90","Namibia",113,106,75,59,70,82,98,142,89,122,"SUB-SAHARAN AFRICA                 ",2044147,825418,"2,5","0,19","0","48,98",7200,"84,0","62,6","0,99","0","99,01","1","24,32","18,86","0,097","0,315","0,588"
"91","Nepal",100,128,137,134,87,67,65,46,127,95,"ASIA (EX. NEAR EAST)         ",28287147,147181,"192,2","0,00","0","66,98",1400,"45,2","15,9","21,68","0,64","77,68","1","30,98","9,31","0,38","0,21","0,41"
"92","Netherlands",5,1,12,25,15,19,12,7,12,18,"WESTERN EUROPE                     ",16491461,41526,"397,1","1,09","2,91","5,04",28600,"99,0","460,8","26,71","0,97","72,32","3","10,9","8,68","0,021","0,244","0,736"
"93","New Zealand",8,15,22,12,5,8,5,8,26,14,"OCEANIA                            ",4076140,268680,"15,2","5,63","4,05","5,85",21600,"99,0","441,7","5,6","6,99","87,41","3","13,76","7,53","0,043","0,273","0,684"
"94","Nicaragua",45,133,31,125,66,70,43,71,108,53,"LATIN AMER. & CARIB    ",5570129,129494,"43,0","0,70","-1,22","29,11",2300,"67,5","39,7","15,94","1,94","82,12","2","24,51","4,45","0,165","0,275","0,56"
"95","Niger",114,144,79,141,140,111,51,135,148,138,"SUB-SAHARAN AFRICA                 ",12525094,1267000,"9,9","0,00","-0,67","121,69",800,"17,6","1,9","3,54","0,01","96,45","1","50,73","20,91","0,39","0,17","0,44"
"96","Nigeria",85,130,61,55,111,75,114,59,107,145,"SUB-SAHARAN AFRICA                 ",131859731,923768,"142,7","0,09","0,26","98,8",900,"68,0","9,3","31,29","2,96","65,75","2","40,43","16,94","0,269","0,487","0,244"
"97","Norway",3,8,16,29,3,3,8,11,7,12,"WESTERN EUROPE                     ",4610820,323802,"14,2","7,77","1,74","3,7",37800,"100,0","461,7","2,87","0","97,13","3","11,46","9,4","0,021","0,415","0,564"
"98","Pakistan",67,53,130,111,130,114,55,58,110,114,"ASIA (EX. NEAR EAST)         ",165803560,803940,"206,2","0,13","-2,77","72,44",2100,"45,7","31,8","27,87","0,87","71,26","1","29,74","8,23","0,216","0,251","0,533"
"99","Panama",31,121,7,48,41,32,104,88,51,33,"LATIN AMER. & CARIB    ",3191319,78200,"40,8","3,18","-0,91","20,47",6300,"92,6","137,9","7,36","1,98","90,66","2","21,74","5,36","0,068","0,156","0,776"
"100","Paraguay",63,90,1,39,30,34,76,67,90,81,"LATIN AMER. & CARIB    ",6506464,406750,"16,0","0,00","-0,08","25,63",4700,"94,0","49,2","7,6","0,23","92,17","2","29,1","4,49","0,224","0,207","0,569"
"101","Peru",65,114,36,127,77,61,132,126,76,47,"LATIN AMER. & CARIB    ",28302603,1285220,"22,0","0,19","-1,05","31,94",5100,"90,9","79,5","2,89","0,4","96,71","2","20,48","6,23","0,08","0,27","0,65"
"102","Philippines",69,119,42,116,75,15,49,115,97,99,"ASIA (EX. NEAR EAST)         ",89468677,300000,"298,2","12,10","-1,5","23,51",4600,"92,6","38,4","18,95","16,77","64,28","2","24,89","5,41","0,144","0,326","0,53"
"103","Poland",40,28,76,33,44,52,108,77,41,36,"EASTERN EUROPE                     ",38536869,312685,"123,3","0,16","-0,49","8,51",11100,"99,8","306,3","45,91","1,12","52,97","3","9,85","9,89","0,05","0,311","0,64"
"104","Portugal",66,73,97,100,47,37,135,122,39,22,"WESTERN EUROPE                     ",10605870,92391,"114,8","1,94","3,57","5,05",18000,"93,3","399,2","21,75","7,81","70,44","3","10,72","10,5","0,053","0,274","0,673"
"105","Qatar",29,86,0,0,0,0,0,0,1,43,"NEAR EAST                          ",885359,11437,"77,4","4,92","16,29","18,61",21500,"82,5","232,0","1,64","0,27","98,09","1","15,56","4,72","0,002","0,801","0,197"
"106","Romania",48,75,80,62,86,57,146,102,48,61,"EASTERN EUROPE                     ",22303552,237500,"93,9","0,09","-0,13","26,43",7000,"98,4","196,9","40,82","2,25","56,93","3","10,7","11,77","0,101","0,35","0,549"
"107","Russia",68,64,96,9,40,107,127,101,45,89,"C.W. OF IND. STATES ",142893540,17075200,"8,4","0,22","1,02","15,39",8900,"99,6","280,6","7,33","0,11","92,56","1","9,95","14,65","0,054","0,371","0,575"
"108","Rwanda",152,63,54,102,144,21,2,90,132,103,"SUB-SAHARAN AFRICA                 ",8648248,26338,"328,4","0,00","0","91,23",1300,"70,4","2,7","40,54","12,16","47,3","3","40,37","16,09","0,401","0,229","0,37"
"109","Saudi Arabia",28,93,49,82,62,68,0,82,11,74,"NEAR EAST                          ",27019731,1960582,"13,8","0,13","-2,71","13,24",11800,"78,8","140,6","1,67","0,09","98,24","1","29,34","2,58","0,033","0,613","0,354"
"110","Senegal",111,44,68,60,106,121,88,130,126,109,"SUB-SAHARAN AFRICA                 ",11987121,196190,"61,1","0,27","0,2","55,51",1600,"40,2","22,2","12,78","0,21","87,01","2","32,78","9,42","0,172","0,209","0,619"
"111","Serbia",70,100,148,92,57,124,118,84,71,48,"EASTERN EUROPE                     ",9396411,88361,"106,3","0,00","-1,33","12,89",2200,"93,0","285,8","33,35","3,2","63,45","1","9,34","8,27","0,166","0,255","0,579"
"112","Sierra Leone",129,153,139,149,135,116,112,79,145,146,"SUB-SAHARAN AFRICA                 ",6005250,71740,"83,7","0,56","0","143,64",500,"31,4","4,0","6,98","0,89","92,13","2","45,76","23,03","0,49","0,31","0,21"
"113","Singapore",34,5,38,2,36,20,1,21,3,1,"ASIA (EX. NEAR EAST)         ",4492150,693,"6482,2","27,85","11,53","2,29",23700,"92,5","411,4","1,64","0","98,36","2","9,34","4,28","0","0,339","0,661"
"114","Slovakia",38,39,53,47,21,108,142,70,35,38,"EASTERN EUROPE                     ",5439448,48845,"111,4","0,00","0,3","7,41",13300,"","220,1","30,16","2,62","67,22","3","10,65","9,45","0,035","0,294","0,672"
"115","Slovenia",44,54,114,71,14,13,97,54,34,29,"EASTERN EUROPE                     ",2010347,20273,"99,2","0,23","1,12","4,45",19000,"99,7","406,1","8,6","1,49","89,91","1","8,98","10,31","0,028","0,369","0,603"
"116","Somalia",112,74,2,18,145,14,16,96,0,144,"SUB-SAHARAN AFRICA                 ",8863338,637657,"13,9","0,47","5,37","116,7",500,"37,8","11,3","1,67","0,04","98,29","1","45,13","16,63","0,65","0,1","0,25"
"117","South Africa",106,124,40,80,63,85,102,89,77,123,"SUB-SAHARAN AFRICA                 ",44187637,1219912,"36,2","0,23","-0,29","61,81",10700,"86,4","107,0","12,08","0,79","87,13","1","18,2","22","0,025","0,303","0,671"
"118","Spain",30,21,107,107,26,95,78,50,30,3,"WESTERN EUROPE                     ",40397842,504782,"80,0","0,98","0,99","4,42",22000,"97,9","453,5","26,07","9,87","64,06","3","10,06","9,72","0,04","0,295","0,665"
"119","Sri Lanka",130,91,32,81,80,55,111,35,79,54,"ASIA (EX. NEAR EAST)         ",20222240,65610,"308,2","2,04","-1,31","14,35",3700,"92,3","61,5","13,86","15,7","70,44","2","15,51","6,52","0,178","0,276","0,545"
"120","Swaziland",135,104,26,57,103,113,41,145,96,0,"SUB-SAHARAN AFRICA                 ",1136334,17363,"65,5","0,00","0","69,27",4900,"81,6","30,8","10,35","0,7","88,95","3","27,41","29,74","0,119","0,515","0,366"
"121","Sweden",7,18,34,8,25,10,6,17,13,17,"WESTERN EUROPE                     ",9016596,449964,"20,0","0,72","1,67","2,77",26800,"99,0","715,0","6,54","0,01","93,45","3","10,27","10,31","0,011","0,282","0,707"
"122","Switzerland",6,11,44,21,13,11,7,16,8,4,"WESTERN EUROPE                     ",7523934,41290,"182,2","0,00","4,05","4,39",32700,"99,0","680,9","10,42","0,61","88,97","3","9,71","8,49","0,015","0,34","0,645"
"123","Syria",149,137,155,155,154,153,38,69,0,128,"NEAR EAST                          ",18881361,185180,"102,0","0,10","0","29,53",3300,"76,9","153,8","25,22","4,43","70,35","1","27,76","4,81","0,249","0,23","0,519"
"124","Taiwan",25,37,17,1,48,102,56,56,0,0,"ASIA (EX. NEAR EAST)         ",23036087,35980,"640,3","4,35","0","6,4",23400,"96,1","591,0","24","1","75","2","12,56","6,48","0,018","0,259","0,723"
"125","Tajikistan",74,50,120,54,113,86,35,72,123,92,"C.W. OF IND. STATES ",7320815,143100,"51,2","0,00","-2,86","110,76",1000,"99,4","33,5","6,61","0,92","92,47","2","32,65","8,25","0,234","0,286","0,48"
"126","Tanzania",153,122,78,50,131,78,34,49,125,118,"SUB-SAHARAN AFRICA                 ",37445392,945087,"39,6","0,15","-2,06","98,54",600,"78,2","4,0","4,52","1,08","94,4","1","37,71","16,39","0,432","0,172","0,396"
"127","Thailand",52,81,20,35,53,18,131,10,62,58,"ASIA (EX. NEAR EAST)         ",64631595,514000,"125,7","0,63","0","20,48",7400,"92,6","108,9","29,36","6,46","64,18","2","13,87","7,04","0,099","0,441","0,46"
"128","Togo",139,103,123,147,149,120,72,131,142,132,"SUB-SAHARAN AFRICA                 ",5548702,56785,"97,7","0,10","0","66,61",1500,"60,9","10,6","46,15","2,21","51,64","2","37,01","9,83","0,395","0,204","0,401"
"129","Tunisia",124,79,147,132,121,143,101,144,84,67,"NORTHERN AFRICA                    ",10175014,163610,"62,2","0,70","-0,57","24,77",6900,"74,2","123,6","17,86","13,74","68,4","3","15,52","5,13","0,132","0,318","0,55"
"130","Turkey",79,58,154,121,61,140,50,98,44,69,"NEAR EAST                          ",70413958,780580,"90,2","0,92","0","41,04",6700,"86,5","269,5","30,93","3,31","65,76","3","16,62","5,97","0,117","0,298","0,585"
"131","Turkmenistan",87,2,135,63,8,83,0,33,60,100,"C.W. OF IND. STATES ",5042920,488100,"10,3","0,00","-0,86","73,08",5800,"98,0","74,6","3,72","0,14","96,14","1","27,61","8,6","0,209","0,38","0,411"
"132","Uganda",136,148,91,139,114,99,95,74,136,127,"SUB-SAHARAN AFRICA                 ",28195754,236040,"119,5","0,00","0","67,83",1400,"69,9","3,6","25,88","10,65","63,47","2","47,35","12,24","0,311","0,222","0,469"
"133","Ukraine",133,69,131,44,56,141,143,66,94,87,"C.W. OF IND. STATES ",46710816,603700,"77,4","0,46","-0,39","20,34",5400,"99,7","259,9","56,21","1,61","42,18","3","8,82","14,39","0,187","0,452","0,361"
"134","United Arab Emirates",21,65,43,56,72,4,0,15,4,60,"NEAR EAST                          ",2602713,82880,"31,4","1,59","1,03","14,51",23200,"77,9","475,3","0,6","2,25","97,15","1","18,96","4,4","0,04","0,585","0,375"
"135","United Kingdom",15,16,52,42,9,63,15,4,23,24,"WESTERN EUROPE                     ",60609153,244820,"247,6","5,08","2,19","5,16",27700,"99,0","543,5","23,46","0,21","76,33","3","10,71","10,13","0,005","0,237","0,758"
"136","United States",19,49,35,70,37,62,42,12,10,39,"NORTHERN AMERICA                   ",298444215,9631420,"31,0","0,21","3,41","6,5",37800,"97,0","898,0","19,13","0,22","80,65","3","14,14","8,26","0,01","0,204","0,787"
"137","Uruguay",33,88,10,76,35,30,33,80,52,35,"LATIN AMER. & CARIB    ",3431932,176220,"19,5","0,37","-0,32","11,95",12800,"98,0","291,4","7,43","0,23","92,34","3","13,91","9,05","0,093","0,311","0,596"
"138","Uzbekistan",41,99,19,15,11,1,18,29,104,83,"C.W. OF IND. STATES ",27307134,447400,"61,0","0,00","-1,72","71,1",1700,"99,3","62,9","10,83","0,83","88,34","1","26,36","7,84","0,342","0,229","0,43"
"139","Venezuela",108,141,77,135,49,145,110,139,78,71,"LATIN AMER. & CARIB    ",25730435,912050,"28,2","0,31","-0,04","22,2",4800,"93,4","140,1","2,95","0,92","96,13","2","18,71","4,92","0,04","0,419","0,541"
"140","Vietnam",94,27,121,27,64,23,86,97,105,49,"ASIA (EX. NEAR EAST)         ",84402966,329560,"256,1","1,05","-0,45","25,95",2500,"90,3","187,7","19,97","5,95","74,08","2","16,86","6,22","0,209","0,41","0,381"
"141","Yemen",151,85,153,75,100,147,83,155,141,124,"NEAR EAST                          ",21456188,527970,"40,6","0,36","0","61,5",800,"50,2","37,2","2,78","0,24","96,98","1","42,89","8,3","0,135","0,472","0,393"
"142","Zambia",138,145,84,128,115,73,69,53,115,131,"SUB-SAHARAN AFRICA                 ",11502010,752614,"15,3","0,00","0","88,29",800,"80,6","8,2","7,08","0,03","92,9","2","41","19,93","0,22","0,29","0,489"
"143","Zimbabwe",146,123,63,34,110,96,63,141,131,129,"SUB-SAHARAN AFRICA                 ",12236805,390580,"31,3","0,00","0","67,69",1900,"90,7","26,8","8,32","0,34","91,34","2","28,01","21,84","0,179","0,243","0,579"
